Année publication;Code département;Nombre  d'habitants;Densité de population au km2;Variation de la population sur 10 ans (en %);Dont contribution du solde naturel (en %);Dont contribution du solde migratoire (en %);% population de moins de 20 ans;% population de 60 ans et plus;Taux de chômage au T4 (en %);Taux de pauvreté* (en %)
2021;971;379707;233.0;-5.862825551;4.333155657;-10.19598121;24.0;27.0;19.4;
2021;69;1882578;579.0;9.123759475;7.824762329;1.298997146;25.0;22.0;7.3;14.2
2021;50;492896;83.0;-1.173139889;-1.462865942;0.289726053;21.0;32.0;5.8;12.0
2021;37;608781;99.0;3.093232179;1.759989162;1.333243017;23.0;28.0;6.9;13.0
2021;974;856858;342.0;4.350314686;11.40821983;-7.057905146;29.0;18.0;17.4;38.9
2021;16;349878;58.0;-0.48325118;-2.115041655;1.631790475;20.0;33.0;7.5;15.0
2021;10;310161;51.0;2.253014074;1.026944519;1.226069555;24.0;28.0;10.0;16.2
2021;24;411528;45.0;-0.632864018;-4.925763433;4.292899415;18.0;37.0;7.9;16.3
2021;89;334626;45.0;-2.301830603;-1.570757058;-0.731073545;22.0;32.0;6.9;14.5
2021;31;1409629;223.0;13.34693855;5.667069516;7.67986903;24.0;22.0;8.2;13.3
2021;5;140349;25.0;2.466215476;-0.118273211;2.584488687;21.0;32.0;7.5;13.9
2021;87;371228;67.0;-1.319276644;-1.219859061;-0.099417583;21.0;32.0;7.2;15.5
2021;48;76573;14.0;-0.660335746;-4.0489349;3.388599154;20.0;33.0;4.7;14.5
2021;79;374608;62.0;1.445554743;-0.470387521;1.915942264;22.0;30.0;5.6;12.3
2021;93;1657893;7024.0;8.925145593;13.26410205;-4.338956459;29.0;16.0;11.1;28.4
2021;4;165232;23.0;3.173919288;-1.867011346;5.040930633;20.0;34.0;9.0;16.8
2021;972;359821;318.0;-8.714955109;2.561819303;-11.27677441;21.0;30.0;14.9;29.8
2021;21;532576;60.0;1.567249856;1.626179061;-0.058929205;22.0;27.0;6.0;11.2
2021;76;1252833;199.0;0.193696313;2.751335361;-2.557639048;24.0;26.0;8.8;14.9
2021;19;239470;40.0;-1.675624407;-4.569063564;2.893439156;20.0;35.0;6.4;13.1
2021;32;191322;30.0;1.68102509;-4.246940088;5.927965178;19.0;35.0;6.1;14.9
2021;81;389012;67.0;3.631796131;-1.384733829;5.01652996;21.0;32.0;8.0;15.6
2021;35;1085753;160.0;9.878458518;4.266804299;5.611654219;25.0;23.0;6.3;10.5
2021;70;234567;43.0;-2.079332743;-0.074306611;-2.005026133;22.0;30.0;6.8;13.2
2021;49;818345;114.0;4.273008754;3.518431213;0.754577541;25.0;26.0;7.2;11.4
2021;11;376059;61.0;5.496160935;-1.901157751;7.397318686;21.0;33.0;10.4;20.7
2021;71;549364;64.0;-1.133600762;-1.736664129;0.603063368;21.0;33.0;6.7;13.1
2021;78;1449520;634.0;2.892959436;7.451846121;-4.558886684;26.0;22.0;6.7;9.7
2021;65;229205;51.0;-0.11025983;-3.336122515;3.225862685;19.0;34.0;8.8;15.4
2021;36;218129;32.0;-5.643751947;-4.672197806;-0.971554141;19.0;36.0;7.5;14.5
2021;42;765546;160.0;2.216311702;2.021905422;0.19440628;24.0;28.0;7.8;15.0
2021;28;429641;73.0;0.165060744;2.830745128;-2.665684384;24.0;27.0;7.2;12.0
2021;33;1636085;152.0;12.89223009;2.955262913;9.936967179;23.0;25.0;7.5;12.6
2021;973;288086;3.0;25.77977646;26.98262312;-1.202846664;41.0;9.0;17.8;
2021;55;181387;29.0;-6.464421446;-0.640460389;-5.823961057;22.0;30.0;7.3;14.5
2021;40;414728;44.0;7.912156536;-1.533878018;9.446034555;20.0;32.0;7.6;11.8
2021;52;170339;27.0;-7.444074354;-1.822983172;-5.621091182;20.0;32.0;6.7;14.9
2021;64;685441;89.0;4.885274248;-1.031039838;5.916314086;21.0;31.0;6.6;12.3
2021;18;299153;41.0;-3.888747884;-2.30067115;-1.588076734;20.0;33.0;7.7;14.3
2021;75;2154092;20515.0;-3.99945094;6.60681967;-10.60627061;18.0;22.0;6.8;15.2
2021;34;1184031;194.0;13.35234616;2.591909688;10.76043647;22.0;27.0;11.0;19.7
2021;73;436834;72.0;5.271605147;2.679300847;2.5923043;22.0;27.0;6.6;10.0
2021;3;333847;45.0;-2.642399711;-3.73044665;1.08804694;20.0;35.0;8.4;15.5
2021;86;438390;62.0;2.621063547;0.773889085;1.847174462;23.0;28.0;6.3;14.3
2021;41;327835;51.0;-0.679837251;-0.875850933;0.196013682;22.0;32.0;6.2;12.6
2021;94;1411786;5762.0;6.33064504;9.418617613;-3.087972573;25.0;20.0;7.8;16.6
2021;27;596993;98.0;1.781625559;3.05348457;-1.271859011;25.0;26.0;8.0;12.5
2021;95;1253568;1006.0;7.036351108;10.61596143;-3.579610318;28.0;19.0;8.9;17.2
2021;74;831867;189.0;12.70566653;6.114988999;6.590677534;24.0;22.0;6.6;8.9
2021;15;143821;25.0;-2.929901054;-5.836854254;2.9069532;18.0;36.0;4.5;13.0
2021;83;1079043;180.0;7.0284859;-0.425121233;7.453607133;20.0;33.0;8.2;15.6
2021;61;277400;45.0;-4.883384423;-1.968509337;-2.914875087;21.0;34.0;7.3;15.4
2021;7;327740;59.0;4.014725951;-1.302802374;5.317528325;21.0;32.0;8.4;14.4
2021;77;1426334;241.0;7.658818068;7.833703811;-0.174885743;27.0;20.0;7.3;11.8
2021;30;749136;127.0;5.556714105;1.392701141;4.164012963;22.0;30.0;10.6;19.8
2021;80;568750;92.0;-0.348844747;1.321965655;-1.670810403;24.0;26.0;9.1;16.4
2021;38;1269323;170.0;5.218033545;5.135554977;0.082478568;25.0;24.0;6.6;11.3
2021;12;279334;31.0;0.913639566;-3.531005582;4.444645147;20.0;35.0;6.0;14.0
2021;68;765130;217.0;2.046994993;2.707853749;-0.660858756;23.0;27.0;8.0;12.9
2021;66;478983;116.0;6.786417356;-1.606534936;8.392952292;21.0;33.0;12.2;21.0
2021;57;1041009;167.0;-0.388205147;1.363358869;-1.751564016;22.0;27.0;7.7;15.3
2021;8;267496;51.0;-5.561871139;0.082612533;-5.644483672;22.0;29.0;9.5;18.9
2021;62;1459364;218.0;-0.138430135;2.319645652;-2.458075787;25.0;25.0;9.0;19.3
2021;91;1309566;725.0;7.753056758;9.022660326;-1.269603568;27.0;20.0;7.0;13.1
2021;84;560425;157.0;3.189070253;2.838493477;0.350576776;23.0;29.0;10.1;20.0
2021;56;760313;111.0;5.356561358;-0.980659787;6.337221145;22.0;32.0;6.6;11.2
2021;51;563834;69.0;-0.260566383;2.732143773;-2.992710156;24.0;26.0;7.6;14.4
2021;14;693310;124.0;1.49391382;1.152092284;0.341821535;23.0;28.0;7.2;12.4
2021;47;330756;61.0;-0.110834947;-1.887818122;1.776983175;21.0;33.0;7.9;17.0
2021;2A;161208;40.0;12.26183844;-0.520891365;12.78272981;20.0;31.0;6.6;16.1
2021;90;139866;229.0;-2.130696727;2.596721036;-4.727417764;23.0;27.0;8.6;14.5
2021;25;542997;103.0;2.885158308;3.935615893;-1.050457586;24.0;25.0;7.2;12.1
2021;17;650757;94.0;4.569009984;-2.959556372;7.528566355;20.0;35.0;8.0;12.8
2021;60;829408;141.0;3.21219022;4.948885944;-1.736695724;26.0;23.0;8.0;12.9
2021;63;666274;83.0;5.371249274;0.722903761;4.648345514;22.0;28.0;6.8;13.2
2021;26;520531;79.0;7.389084307;2.529733967;4.85935034;24.0;28.0;8.5;14.8
2021;85;687477;102.0;8.301957535;0.184158871;8.117798663;22.0;32.0;6.2;9.2
2021;45;682187;100.0;3.975278347;3.54104907;0.434229277;25.0;26.0;7.2;13.2
2021;13;2044355;401.0;3.668171386;4.365071718;-0.696900333;23.0;26.0;9.2;18.7
2021;44;1442940;211.0;12.54925697;4.426965521;8.122291452;25.0;24.0;6.7;10.3
2021;9;153113;31.0;0.707060077;-3.136715821;3.843775898;20.0;34.0;9.9;18.0
2021;54;731533;139.0;-0.092050472;1.893590201;-1.985640673;23.0;26.0;7.5;15.4
2021;23;115555;20.0;-6.074990449;-8.593095937;2.518105487;17.0;39.0;7.0;18.7
2021;58;201755;29.0;-8.11944404;-5.496757505;-2.622686535;19.0;38.0;6.2;15.7
2021;2;528471;71.0;-2.226979064;1.227548898;-3.454527963;24.0;27.0;11.0;18.4
2021;72;563536;90.0;0.003194219;1.505187057;-1.501992838;24.0;29.0;7.7;13.1
2021;82;261307;70.0;8.113017071;0.975597647;7.137419424;24.0;29.0;9.2;17.0
2021;29;913187;135.0;1.733346108;-1.318474914;3.051821022;22.0;30.0;6.6;10.6
2021;46;174146;33.0;-0.24745386;-4.910126133;4.662672273;18.0;38.0;7.8;15.0
2021;22;599271;87.0;1.289633409;-2.411259531;3.70089294;22.0;33.0;6.8;11.7
2021;59;2601802;453.0;0.971448752;4.726964378;-3.755515626;26.0;23.0;9.8;19.1
2021;2B;184659;39.0;12.32022522;-0.341749218;12.66197443;20.0;29.0;7.3;20.6
2021;92;1628798;9254.0;3.580817684;9.008896718;-5.428079034;24.0;20.0;6.8;11.9
2021;6;1088178;253.0;0.875938257;0.495305123;0.380633134;21.0;31.0;8.9;15.8
2021;1;657907;114.0;10.13926719;4.072715585;6.066551601;25.0;24.0;6.0;10.3
2021;39;258766;51.0;-1.058370996;-0.409124626;-0.649246369;22.0;31.0;5.4;11.8
2021;53;306123;59.0;-0.069857706;1.631862948;-1.701720654;24.0;29.0;5.3;11.5
2021;43;227878;45.0;1.728525129;-1.684776301;3.413301429;22.0;32.0;6.1;12.1
2021;88;361749;61.0;-4.73370132;-1.624601026;-3.109100294;21.0;32.0;8.2;15.4
2021;67;1143364;240.0;4.330576099;3.426300637;0.904275462;22.0;25.0;6.9;13.7
;;;;;;;;;;;
;;;;;;;;;;;
;;;;;;;;;;;
;;;;;;;;;;;
;;;;;;;;;;;
;;;;;;;;;;;
;;;;;;;;;;;
;;;;;;;;;;;
;;;;;;;;;;;
;;;;;;;;;;;
2022;13;2056455;402.0;4.08;4.24;-0.17;24.0;27.0;9.1;17.9
2022;31;1434439;223.0;13.82;5.86;7.96;24.0;22.0;8.0;13.3
2022;11;378068;61.0;5.03;-2.7;7.73;21.0;34.0;10.5;20.0
2022;22;600924;87.0;1.1;-3.24;4.34;22.0;34.0;6.8;12.1
2022;4;165171;24.0;2.62;-2.72;5.33;21.0;35.0;9.1;16.6
2022;45;684609;101.0;3.79;3.35;0.44;25.0;27.0;7.2;13.2
2022;57;1045213;167.0;0.01;0.76;-0.76;22.0;28.0;7.8;15.3
2022;2B;185528;40.0;10.01;-0.77;10.78;20.0;30.0;7.3;20.1
2022;1;660875;114.0;9.45;4.0;5.45;26.0;24.0;5.9;10.5
2022;12;279997;32.0;1.52;-4.34;5.86;20.0;35.0;5.9;14.0
2022;37;612237;99.0;3.13;1.43;1.69;23.0;29.0;6.8;12.4
2022;73;439852;72.0;4.99;2.24;2.74;23.0;28.0;6.5;10.3
2022;83;1090123;181.0;7.64;-1.04;8.68;21.0;34.0;8.2;15.3
2022;78;1457875;635.0;3.13;7.68;-4.55;27.0;23.0;6.7;9.7
2022;81;392053;68.0;3.81;-2.09;5.89;22.0;33.0;8.0;15.3
2022;93;1668164;7025.0;9.04;13.99;-4.96;29.0;17.0;10.9;27.6
2022;973;290528;3.0;22.3;29.57;-7.27;41.0;10.0;14.5;
2022;44;1461267;212.0;12.72;4.43;8.29;25.0;24.0;6.5;10.0
2022;48;76604;15.0;-0.72;-5.01;4.29;20.0;34.0;4.9;14.9
2022;36;216392;32.0;-5.99;-5.64;-0.35;20.0;36.0;7.4;14.6
2022;63;669014;84.0;5.28;0.32;4.96;22.0;29.0;6.8;13.2
2022;8;267127;51.0;-5.65;-0.65;-5.0;23.0;30.0;9.5;18.3
2022;17;656951;95.0;5.0;-3.91;8.91;20.0;36.0;7.9;12.4
2022;21;534164;61.0;1.57;1.22;0.34;22.0;28.0;5.8;11.5
2022;74;841639;190.0;12.67;6.28;6.39;25.0;23.0;6.5;9.4
2022;51;563998;69.0;-0.45;2.43;-2.88;24.0;26.0;7.4;14.2
2022;91;1310435;726.0;6.96;9.5;-2.55;27.0;21.0;6.9;13.2
2022;59;2607879;453.0;1.11;4.55;-3.43;26.0;24.0;9.8;18.4
2022;75;2147716;20515.0;-4.54;6.75;-11.3;19.0;23.0;6.4;15.4
2022;82;262863;70.0;7.49;0.52;6.97;24.0;29.0;9.1;16.3
2022;15;143790;25.0;-2.57;-6.95;4.39;19.0;37.0;4.3;13.2
2022;77;1436063;241.0;7.29;8.07;-0.77;27.0;21.0;7.3;11.7
2022;2;526857;72.0;-2.67;0.55;-3.22;25.0;28.0;11.1;18.0
2022;90;138931;230.0;-3.08;1.92;-5.0;24.0;27.0;9.0;14.8
2022;52;168391;27.0;-7.67;-2.83;-4.84;21.0;33.0;6.5;15.0
2022;32;191910;31.0;1.6;-5.01;6.61;20.0;36.0;6.1;15.0
2022;62;1460003;219.0;-0.19;1.84;-2.03;25.0;26.0;9.0;17.8
2022;19;239019;41.0;-1.42;-5.37;3.95;20.0;36.0;6.4;13.1
2022;72;565314;91.0;-0.07;0.98;-1.05;24.0;29.0;7.7;12.9
2022;80;567745;92.0;-0.61;0.74;-1.35;24.0;27.0;9.1;15.7
2022;88;360241;62.0;-4.91;-2.61;-2.3;21.0;33.0;8.2;14.9
2022;5;141039;25.0;1.76;-0.81;2.57;21.0;33.0;7.8;13.9
2022;49;822488;114.0;4.07;3.26;0.8;25.0;27.0;7.0;11.1
2022;35;1098420;160.0;10.23;4.22;6.02;25.0;24.0;5.8;10.7
2022;33;1661929;153.0;13.55;2.95;10.59;23.0;26.0;7.2;12.4
2022;79;374763;62.0;1.03;-1.23;2.26;23.0;31.0;5.6;11.9
2022;87;370651;67.0;-1.44;-1.77;0.33;21.0;32.0;7.0;15.3
2022;26;521894;80.0;6.95;2.13;4.82;24.0;29.0;8.5;14.4
2022;41;326778;52.0;-1.36;-1.63;0.27;22.0;33.0;6.3;12.5
2022;85;694684;102.0;8.26;-0.58;8.85;23.0;32.0;5.9;8.9
2022;18;298669;41.0;-4.18;-3.2;-0.98;21.0;34.0;7.8;14.0
2022;25;546224;104.0;3.24;3.52;-0.28;24.0;26.0;7.3;12.2
2022;76;1254203;200.0;0.23;2.41;-2.18;24.0;27.0;8.6;14.6
2022;61;275624;45.0;-5.25;-3.01;-2.24;22.0;34.0;7.2;15.0
2022;64;688474;90.0;4.85;-1.52;6.37;21.0;32.0;6.4;12.2
2022;24;412163;45.0;-0.72;-5.91;5.19;19.0;38.0;7.7;16.1
2022;55;180059;29.0;-6.97;-1.63;-5.34;22.0;31.0;7.5;14.2
2022;60;831944;142.0;3.26;4.77;-1.51;26.0;24.0;7.9;12.8
2022;71;547937;64.0;-1.45;-2.59;1.14;21.0;34.0;6.6;12.8
2022;14;695207;125.0;1.45;0.6;0.85;23.0;29.0;7.1;11.9
2022;27;595697;99.0;1.29;2.67;-1.38;25.0;27.0;7.8;12.3
2022;2A;161082;40.0;10.45;-1.1;11.54;20.0;31.0;6.5;16.3
2022;54;732085;139.0;-0.14;1.41;-1.55;23.0;26.0;7.5;14.6
2022;7;329841;59.0;3.96;-2.09;6.05;22.0;33.0;8.6;14.3
2022;43;227229;46.0;1.03;-2.47;3.51;22.0;32.0;6.1;11.9
2022;6;1101039;253.0;1.83;0.06;1.77;21.0;31.0;8.6;16.2
2022;70;233489;44.0;-2.59;-0.92;-1.67;22.0;31.0;6.8;13.0
2022;58;201110;30.0;-7.89;-6.65;-1.24;19.0;38.0;6.5;15.5
2022;38;1280557;171.0;5.38;4.91;0.47;25.0;25.0;6.5;11.3
2022;23;114609;21.0;-6.49;-9.86;3.37;18.0;40.0;7.1;18.3
2022;65;230579;51.0;0.59;-4.25;4.84;20.0;35.0;8.8;15.5
2022;89;332048;45.0;-3.04;-2.35;-0.69;22.0;32.0;7.1;14.3
2022;974;866181;342.0;4.54;12.0;-7.47;29.0;19.0;18.0;35.6
2022;67;1150899;240.0;4.7;3.19;1.5;23.0;26.0;6.7;13.2
2022;40;419507;45.0;8.14;-2.23;10.37;21.0;33.0;7.6;11.4
2022;56;767088;111.0;5.5;-1.7;7.2;22.0;33.0;6.5;11.5
2022;84;562533;157.0;2.91;2.53;0.38;24.0;29.0;10.1;19.5
2022;34;1203899;194.0;13.36;2.38;10.98;23.0;28.0;10.9;18.7
2022;53;306224;59.0;-0.26;1.02;-1.29;24.0;29.0;5.2;11.0
2022;972;356029;319.0;-9.24;1.78;-11.02;21.0;31.0;12.9;26.7
2022;95;1267124;1006.0;7.35;11.23;-3.88;29.0;20.0;8.8;17.0
2022;28;429083;73.0;-0.31;2.35;-2.66;25.0;28.0;7.0;11.8
2022;68;767736;217.0;1.95;2.17;-0.22;23.0;27.0;7.8;13.2
2022;46;174282;33.0;-0.27;-5.9;5.63;18.0;39.0;7.8;14.9
2022;39;257906;52.0;-1.3;-1.16;-0.13;22.0;31.0;5.3;11.2
2022;16;350888;59.0;-0.52;-2.86;2.35;20.0;33.0;7.5;14.6
2022;3;333042;45.0;-2.83;-4.66;1.83;20.0;36.0;8.3;15.3
2022;66;483558;116.0;6.86;-2.32;9.18;21.0;34.0;12.3;20.7
2022;42;766473;160.0;2.33;1.55;0.77;24.0;29.0;7.6;15.0
2022;10;310804;52.0;2.24;0.48;1.76;24.0;28.0;10.0;16.2
2022;94;1425072;5762.0;6.85;9.81;-2.96;26.0;21.0;7.7;16.6
2022;29;919983;136.0;2.24;-1.9;4.14;22.0;31.0;6.6;11.0
2022;30;751840;128.0;4.66;0.91;3.76;23.0;31.0;10.6;19.4
2022;86;439635;63.0;2.61;0.27;2.34;23.0;29.0;6.3;14.0
2022;971;377856;233.0;-6.62;3.9;-10.52;24.0;28.0;17.2;
2022;47;329848;62.0;-0.31;-2.7;2.39;21.0;34.0;7.9;16.8
2022;69;1899599;579.0;8.91;7.98;0.93;25.0;22.0;7.1;14.1
2022;9;153197;31.0;0.6;-3.96;4.56;20.0;35.0;9.8;17.9
2022;50;492667;83.0;-1.37;-2.16;0.78;21.0;33.0;5.6;11.4
2022;92;1636156;9255.0;3.45;9.25;-5.8;25.0;21.0;6.6;11.9
;;;;;;;;;;;
;;;;;;;;;;;
;;;;;;;;;;;
;;;;;;;;;;;
;;;;;;;;;;;
;;;;;;;;;;;
;;;;;;;;;;;
;;;;;;;;;;;
;;;;;;;;;;;
;;;;;;;;;;;
2023;5;140230;25.0;1.17;-0.8099999999999999;1.9900000000000002;20.788704271553875;33.46430863581259;6.7;13.9
2023;61;276600;45.0;-4.91;-3.01;-1.91;21.685827910339842;34.180766449746926;6.4;15.0
2023;28;430512;73.0;0.02;2.35;-2.33;25.026015534990893;27.4082952391571;6.6000000000000005;11.8
2023;36;217378;32.0;-5.56;-5.64;0.08;19.74670849856011;36.441130197168064;7.000000000000001;14.6
2023;15;144123;25.0;-2.34;-6.950000000000001;4.61;18.98309083213644;36.56113181102253;4.1000000000000005;13.2
2023;77;1436079;243.0;7.3;8.07;-0.77;27.173226542550932;20.97530846144258;6.6000000000000005;11.7
2023;2;526983;72.0;-2.65;0.5499999999999999;-3.19;24.507242169102227;28.10735830188071;10.299999999999999;18.0
2023;6;1102251;256.0;1.94;0.06;1.8800000000000001;21.03958172866253;31.31392033212036;7.199999999999999;16.2
2023;26;519421;80.0;6.4399999999999995;2.13;4.31;23.75471919695199;29.163241378380928;7.7;14.4
2023;42;769112;161.0;2.68;1.55;1.13;24.172682262141272;28.962101748509973;7.1;15.0
2023;66;485651;118.0;7.32;-2.32;9.64;21.535423586073126;33.49154022127001;11.700000000000001;20.7
2023;35;1099074;162.0;10.299999999999999;4.22;6.08;24.907149109159164;24.15897382705805;5.4;10.7
2023;37;614119;100.0;3.44;1.43;2.01;23.030227040687553;28.501479354978432;6.3;12.4
2023;87;371487;67.0;-1.22;-1.77;0.5599999999999999;21.00558027602581;32.24608128952022;6.3;15.3
2023;55;181165;29.0;-6.4;-1.63;-4.77;22.146109899815087;31.188143405183123;7.3;14.2
2023;68;767636;218.0;1.94;2.17;-0.24;22.95775601978021;27.238039904329657;6.800000000000001;13.2
2023;69;1895426;583.0;8.67;7.9799999999999995;0.69;25.152076630794344;22.352442142294134;6.2;14.1
2023;14;698670;126.0;1.96;0.6;1.3599999999999999;23.28882018692659;29.00582535388667;6.3;11.9
2023;71;549467;64.0;-1.17;-2.59;1.41;21.480634869792;33.69101329106206;6.4;12.8
2023;57;1049612;169.0;0.43;0.76;-0.33999999999999997;22.222116362998896;27.496732125776003;7.000000000000001;15.3
2023;75;2131104;20296.0;-5.28;6.75;-12.04;18.725646425514665;22.82314706368155;5.6000000000000005;15.4
2023;50;494474;83.0;-1.01;-2.16;1.1400000000000001;21.642593948316797;32.805971598102225;5.1;11.4
2023;84;562700;158.0;2.94;2.53;0.41000000000000003;23.432379598365024;29.403945263906166;9.5;19.5
2023;45;683940;101.0;3.6900000000000004;3.35;0.33999999999999997;25.019153726935112;26.843290347106468;6.9;13.2
2023;2A;161872;40.0;10.99;-1.0999999999999999;12.08;20.20608876149056;31.212933675990907;5.800000000000001;16.3
2023;79;374428;62.0;0.9400000000000001;-1.23;2.17;22.811595286677278;30.874026515111048;5.1;11.9
2023;4;165830;24.0;3.0300000000000002;-2.7199999999999998;5.74;20.73689923415546;34.420792377736234;8.1;16.6
2023;73;441899;73.0;5.48;2.2399999999999998;3.2300000000000004;23.090796765776794;27.50153315576636;5.2;10.3
2023;19;238576;41.0;-1.6;-5.37;3.7699999999999996;19.69602977667494;35.66662195694454;5.8999999999999995;13.1
2023;16;351576;59.0;-0.32;-2.86;2.54;20.768198056750176;33.35295924636494;6.7;14.6
2023;67;1154712;243.0;5.04;3.19;1.8499999999999999;22.64530029998822;25.610888256119274;6.1;13.2
2023;973;290714;3.0;22.38;29.57;-7.19;41.38465983750352;9.864677999683538;10.9;
2023;64;690920;90.0;5.2299999999999995;-1.52;6.74;20.92601169455219;31.631447924506457;5.6000000000000005;12.2
2023;81;392328;68.0;3.88;-2.09;5.970000000000001;21.654839827899107;33.023898370751006;7.7;15.3
2023;29;920279;137.0;2.27;-1.9;4.17;21.91694040611597;31.186520609510808;6.1;11.0
2023;89;332620;45.0;-2.87;-2.35;-0.52;22.454452528410798;32.142985990018644;6.7;14.3
2023;78;1452852;636.0;2.77;7.68;-4.91;26.600713630844712;22.513511355595753;6.3;9.7
2023;62;1459338;219.0;-0.24;1.8399999999999999;-2.08;25.206703313420192;26.187010822715507;8.1;17.8
2023;3;334381;46.0;-2.44;-4.66;2.22;20.204497265095803;35.69311653473134;7.3999999999999995;15.3
2023;1;662032;115.0;9.64;4.0;5.64;25.719451627715884;24.349729318220266;5.4;10.5
2023;82;263504;71.0;7.75;0.52;7.23;24.050488797134008;29.231055316048334;8.6;16.3
2023;53;306043;59.0;-0.32;1.02;-1.35;24.60961368173753;29.055720928104872;4.9;11.0
2023;58;201017;29.0;-7.93;-6.65;-1.28;19.206335782545754;38.36192958804479;6.7;15.5
2023;972;357191;317.0;-8.95;1.78;-10.73;21.528817915345012;30.64550898538877;10.2;26.7
2023;70;233493;44.0;-2.59;-0.9199999999999999;-1.67;22.796400748630578;30.73539677849015;6.3;13.0
2023;65;230143;52.0;0.4;-4.25;4.65;19.84244578370839;34.915682858049124;7.7;15.5
2023;52;170280;27.0;-6.63;-2.83;-3.8;20.848015034061547;33.21940333568241;6.4;15.0
2023;88;359915;61.0;-4.99;-2.6100000000000003;-2.39;21.46034480363419;32.45321812094522;7.3999999999999995;14.9
2023;971;381606;234.0;-5.6899999999999995;3.9;-9.59;24.015345670665557;28.40599990566186;19.3;
2023;2B;184485;40.0;9.4;-0.77;10.17;19.672602108572512;30.524432880722006;6.4;20.1
2023;85;698570;104.0;8.870000000000001;-0.58;9.45;22.702950312781827;32.5295961750433;5.1;8.9
2023;18;299546;41.0;-3.9;-3.2;-0.7000000000000001;21.072222630247104;33.86291254097868;7.3999999999999995;14.0
2023;93;1664856;7054.0;8.82;13.99;-5.18;28.968931847559187;17.338856934173286;10.0;27.6
2023;54;731390;139.0;-0.24;1.41;-1.6500000000000001;23.112703208958287;26.337795157166493;6.800000000000001;14.6
2023;43;227111;46.0;0.98;-2.4699999999999998;3.45;22.12618499324119;32.26527997322895;5.5;11.9
2023;95;1258517;1010.0;6.619999999999999;11.23;-4.61;28.404542807129346;19.68443811247683;7.9;17.0
2023;74;843675;192.0;12.94;6.279999999999999;6.660000000000001;24.607816991139952;22.922333837081815;5.3;9.4
2023;33;1655325;154.0;13.089999999999998;2.9499999999999997;10.14;22.875930708471145;25.62451482337305;6.4;12.4
2023;92;1631170;9268.0;3.1300000000000003;9.25;-6.12;24.50817511356879;20.67963486331897;5.800000000000001;11.9
2023;13;2055002;404.0;4.0;4.24;-0.24;23.359831279969555;27.08518045237912;8.6;17.9
2023;9;154222;32.0;1.27;-3.9600000000000004;5.2299999999999995;20.456225441247035;34.4950785231679;9.3;17.9
2023;974;866669;346.0;4.6;12.0;-7.41;29.49926673274341;19.25994814629345;17.1;35.6
2023;11;376885;61.0;4.7;-2.7;7.3999999999999995;21.08361967178317;34.019661169852874;9.9;20.0
2023;80;566872;92.0;-0.76;0.74;-1.5;23.908042732750957;27.0611354944326;8.6;15.7
2023;25;546630;104.0;3.3099999999999996;3.52;-0.21;24.489142564440296;26.015037593984964;6.3;12.2
2023;51;565685;69.0;-0.16;2.4299999999999997;-2.58;23.87459451815056;26.361314158940047;7.000000000000001;14.2
2023;72;567068;91.0;0.24;0.98;-0.74;24.00558663158563;29.255045250305077;6.800000000000001;12.9
2023;27;598404;99.0;1.7500000000000002;2.67;-0.9199999999999999;25.362965488198608;26.516199758023006;6.7;12.3
2023;56;768617;113.0;5.71;-1.7000000000000002;7.41;21.991707183161445;32.74387633893083;5.6000000000000005;11.5
2023;30;753509;129.0;4.89;0.91;3.9899999999999998;22.654938428074516;30.8921326752567;9.8;19.4
2023;31;1434268;227.0;13.81;5.86;7.95;23.55229287692398;22.44190067686095;7.199999999999999;13.3
2023;63;664189;83.0;4.52;0.32;4.2;22.424942298050706;28.702824045565343;6.2;13.2
2023;22;605211;88.0;1.82;-3.2399999999999998;5.07;22.112783805978413;33.9172619136136;6.2;12.1
2023;21;535275;61.0;1.78;1.22;0.5599999999999999;22.500770631918172;27.99252720564196;5.6000000000000005;11.5
2023;24;412686;46.0;-0.6;-5.91;5.319999999999999;18.787165060118348;37.84039196871229;7.1;16.1
2023;40;421672;46.0;8.7;-2.23;10.93;20.770646379176235;33.293887191940655;6.800000000000001;11.4
2023;94;1413781;5771.0;6.0;9.81;-3.81;25.394951551902313;20.747555668098524;7.000000000000001;16.6
2023;32;192159;31.0;1.73;-5.01;6.74;20.016756956478748;36.100312761827446;0.0;15.0
2023;59;2607335;454.0;1.09;4.55;-3.46;25.89582849921472;23.536216098046474;9.2;18.4
2023;23;115050;21.0;-6.13;-9.86;3.73;18.050412863972188;39.510647544545854;6.800000000000001;18.3
2023;86;440161;63.0;2.73;0.27;2.4699999999999998;23.060425616990145;28.943727408834498;5.800000000000001;14.0
2023;46;174907;34.0;0.09;-5.8999999999999995;5.9799999999999995;18.78255301388738;38.693705797938335;7.3;14.9
2023;12;279571;32.0;1.3599999999999999;-4.34;5.7;20.015309170121366;35.44359035808435;5.6000000000000005;14.0
2023;34;1203908;197.0;13.36;2.3800000000000003;10.979999999999999;22.702814500775805;28.07166328324091;9.9;18.7
2023;44;1462506;215.0;12.82;4.43;8.39;24.86759028680908;24.59367688064186;5.5;10.0
2023;10;311831;52.0;2.58;0.48;2.1;24.45587513749435;28.298661775128192;9.4;16.2
2023;48;76593;15.0;-0.73;-5.01;4.279999999999999;20.798245270455524;33.19885629235048;4.6;14.9
2023;39;257991;52.0;-1.26;-1.16;-0.1;22.257753177436424;31.270083064913116;5.2;11.2
2023;90;138976;228.0;-3.05;1.92;-4.97;23.737192033156802;27.09244761685471;8.1;14.8
2023;60;830560;142.0;3.09;4.77;-1.68;26.282146985166634;23.660301483336543;7.199999999999999;12.8
2023;38;1282526;173.0;5.54;4.91;0.63;25.194654923175047;24.85056833155819;5.7;11.3
2023;41;328271;52.0;-0.91;-1.63;0.72;22.39978554304218;32.479567186866944;5.8999999999999995;12.5
2023;49;823052;115.0;4.14;3.26;0.88;25.0321972366266;26.93268469063923;6.3;11.1
2023;47;329989;62.0;-0.27;-2.7;2.44;21.291618811536143;34.233868401673995;7.3;16.8
2023;17;659379;96.0;5.390000000000001;-3.91;9.3;19.946040137765987;35.915308191495335;6.7;12.4
2023;8;268216;51.0;-5.26;-0.65;-4.61;23.27452500969368;29.431875801592746;9.2;18.3
2023;91;1308892;726.0;6.83;9.5;-2.67;26.98687133850616;21.118014320509253;6.3;13.2
2023;83;1094127;183.0;8.04;-1.04;9.08;20.49816885973932;33.72432999094255;7.199999999999999;15.3
2023;7;330012;60.0;4.01;-2.09;6.1;21.69133243639625;33.04273783983613;7.9;14.3
2023;76;1254334;200.0;0.24;2.41;-2.17;24.139184619088695;27.109525851966065;7.5;14.6