-- phpMyAdmin SQL Dump
-- version 5.2.3
-- https://www.phpmyadmin.net/
--
-- Hôte : 127.0.0.1:3306
-- Généré le : mar. 17 mars 2026 à 08:38
-- Version du serveur : 8.4.7
-- Version de PHP : 8.5.0

SET SQL_MODE = "NO_AUTO_VALUE_ON_ZERO";
START TRANSACTION;
SET time_zone = "+00:00";


/*!40101 SET @OLD_CHARACTER_SET_CLIENT=@@CHARACTER_SET_CLIENT */;
/*!40101 SET @OLD_CHARACTER_SET_RESULTS=@@CHARACTER_SET_RESULTS */;
/*!40101 SET @OLD_COLLATION_CONNECTION=@@COLLATION_CONNECTION */;
/*!40101 SET NAMES utf8mb4 */;

--
-- Base de données : `db_sae401`
--

-- --------------------------------------------------------

--
-- Structure de la table `departements`
--

DROP TABLE IF EXISTS `departements`;
CREATE TABLE IF NOT EXISTS `departements` (
  `code_dept` varchar(10) NOT NULL,
  `nom_dept` varchar(150) NOT NULL,
  `id_region` int NOT NULL,
  PRIMARY KEY (`code_dept`),
  KEY `IDX_CF7489B22955449B` (`id_region`)
) ENGINE=MyISAM DEFAULT CHARSET=utf8mb4 COLLATE=utf8mb4_0900_ai_ci;

--
-- Déchargement des données de la table `departements`
--

INSERT INTO `departements` (`code_dept`, `nom_dept`, `id_region`) VALUES
('01', 'Ain', 84),
('02', 'Aisne', 32),
('03', 'Allier', 84),
('04', 'Alpes-de-Haute-Provence', 93),
('05', 'Hautes-Alpes', 93),
('06', 'Alpes-Maritimes', 93),
('07', 'Ardèche', 84),
('08', 'Ardennes', 44),
('09', 'Ariège', 76),
('10', 'Aube', 44),
('11', 'Aude', 76),
('12', 'Aveyron', 76),
('13', 'Bouches-du-Rhône', 93),
('14', 'Calvados', 28),
('15', 'Cantal', 84),
('16', 'Charente', 75),
('17', 'Charente-Maritime', 75),
('18', 'Cher', 24),
('19', 'Corrèze', 75),
('21', 'Côte-d\'Or', 27),
('22', 'Côtes-d\'Armor', 53),
('23', 'Creuse', 75),
('24', 'Dordogne', 75),
('25', 'Doubs', 27),
('26', 'Drôme', 84),
('27', 'Eure', 28),
('28', 'Eure-et-Loir', 24),
('29', 'Finistère', 53),
('30', 'Gard', 76),
('31', 'Haute-Garonne', 76),
('32', 'Gers', 76),
('33', 'Gironde', 75),
('34', 'Hérault', 76),
('35', 'Ille-et-Vilaine', 53),
('36', 'Indre', 24),
('37', 'Indre-et-Loire', 24),
('38', 'Isère', 84),
('39', 'Jura', 27),
('40', 'Landes', 75),
('41', 'Loir-et-Cher', 24),
('42', 'Loire', 84),
('43', 'Haute-Loire', 84),
('44', 'Loire-Atlantique', 52),
('45', 'Loiret', 24),
('46', 'Lot', 76),
('47', 'Lot-et-Garonne', 75),
('48', 'Lozère', 76),
('49', 'Maine-et-Loire', 52),
('50', 'Manche', 28),
('51', 'Marne', 44),
('52', 'Haute-Marne', 44),
('53', 'Mayenne', 52),
('54', 'Meurthe-et-Moselle', 44),
('55', 'Meuse', 44),
('56', 'Morbihan', 53),
('57', 'Moselle', 44),
('58', 'Nièvre', 27),
('59', 'Nord', 32),
('60', 'Oise', 32),
('61', 'Orne', 28),
('62', 'Pas-de-Calais', 32),
('63', 'Puy-de-Dôme', 84),
('64', 'Pyrénées-Atlantiques', 75),
('65', 'Hautes-Pyrénées', 76),
('66', 'Pyrénées-Orientales', 76),
('67', 'Bas-Rhin', 44),
('68', 'Haut-Rhin', 44),
('69', 'Rhône', 84),
('70', 'Haute-Saône', 27),
('71', 'Saône-et-Loire', 27),
('72', 'Sarthe', 52),
('73', 'Savoie', 84),
('74', 'Haute-Savoie', 84),
('75', 'Paris', 11),
('76', 'Seine-Maritime', 28),
('77', 'Seine-et-Marne', 11),
('78', 'Yvelines', 11),
('79', 'Deux-Sèvres', 75),
('80', 'Somme', 32),
('81', 'Tarn', 76),
('82', 'Tarn-et-Garonne', 76),
('83', 'Var', 93),
('84', 'Vaucluse', 93),
('85', 'Vendée', 52),
('86', 'Vienne', 75),
('87', 'Haute-Vienne', 75),
('88', 'Vosges', 44),
('89', 'Yonne', 27),
('90', 'Territoire de Belfort', 27),
('91', 'Essonne', 11),
('92', 'Hauts-de-Seine', 11),
('93', 'Seine-Saint-Denis', 11),
('94', 'Val-de-Marne', 11),
('95', 'Val-d\'Oise', 11),
('2A', 'Corse-du-Sud', 94),
('2B', 'Haute-Corse', 94),
('971', 'Guadeloupe', 1),
('972', 'Martinique', 2),
('973', 'Guyane', 3),
('974', 'La Réunion', 4);

-- --------------------------------------------------------

--
-- Structure de la table `doctrine_migration_versions`
--

DROP TABLE IF EXISTS `doctrine_migration_versions`;
CREATE TABLE IF NOT EXISTS `doctrine_migration_versions` (
  `version` varchar(191) COLLATE utf8mb4_unicode_ci NOT NULL,
  `executed_at` datetime DEFAULT NULL,
  `execution_time` int DEFAULT NULL,
  PRIMARY KEY (`version`)
) ENGINE=MyISAM DEFAULT CHARSET=utf8mb4 COLLATE=utf8mb4_unicode_ci;

--
-- Déchargement des données de la table `doctrine_migration_versions`
--

INSERT INTO `doctrine_migration_versions` (`version`, `executed_at`, `execution_time`) VALUES
('DoctrineMigrations\\Version20260226151037', '2026-03-06 16:46:25', 66),
('DoctrineMigrations\\Version20260303141849', '2026-03-06 16:46:25', 83),
('DoctrineMigrations\\Version20260303142523', '2026-03-06 16:46:25', 11);

-- --------------------------------------------------------

--
-- Structure de la table `logements`
--

DROP TABLE IF EXISTS `logements`;
CREATE TABLE IF NOT EXISTS `logements` (
  `id` int NOT NULL AUTO_INCREMENT,
  `annee` int NOT NULL,
  `code_dept` varchar(10) NOT NULL,
  `nb_logements` double NOT NULL,
  `taux_logements_sociaux` double NOT NULL,
  `taux_logements_vacants` double NOT NULL,
  PRIMARY KEY (`id`)
) ENGINE=MyISAM AUTO_INCREMENT=301 DEFAULT CHARSET=utf8mb4 COLLATE=utf8mb4_0900_ai_ci;

--
-- Déchargement des données de la table `logements`
--

INSERT INTO `logements` (`id`, `annee`, `code_dept`, `nb_logements`, `taux_logements_sociaux`, `taux_logements_vacants`) VALUES
(1, 2021, '971', 229421, 21.53, 15.24),
(2, 2021, '69', 926575, 21.18, 7.34),
(3, 2021, '50', 298631, 16.52, 8.37),
(4, 2021, '37', 325171, 17.99, 8.64),
(5, 2021, '974', 376047, 23.23, 8.71),
(6, 2021, '16', 198241, 9.76, 10.59),
(7, 2021, '10', 165501, 22.68, 9.52),
(8, 2021, '24', 260245, 7.28, 10.31),
(9, 2021, '89', 197683, 13.58, 11.79),
(10, 2021, '31', 728248, 14.24, 7.26),
(11, 2021, '87', 220762, 14.37, 9.68),
(12, 2021, '48', 61340, 8.22, 10.44),
(13, 2021, '79', 195050, 9.33, 9.13),
(14, 2021, '93', 679663, 36.55, 5.91),
(15, 2021, '972', 213707, 20.31, 15.43),
(16, 2021, '21', 290523, 14.81, 8.44),
(17, 2021, '76', 645785, 25.97, 8.09),
(18, 2021, '19', 154656, 8.61, 11.05),
(19, 2021, '32', 111171, 6.49, 10.57),
(20, 2021, '81', 212905, 8.67, 9.17),
(21, 2021, '35', 554254, 15.4, 6.69),
(22, 2021, '70', 128333, 10.57, 10.78),
(23, 2021, '49', 397886, 18.54, 6.81),
(24, 2021, '11', 263889, 10.26, 8.54),
(25, 2021, '71', 311498, 16.65, 10.3),
(26, 2021, '78', 643946, 21.67, 6.34),
(27, 2021, '65', 162729, 11.55, 9.54),
(28, 2021, '36', 138879, 16.59, 13.33),
(29, 2021, '42', 399133, 17.57, 10.35),
(30, 2021, '28', 216684, 17.46, 8.63),
(31, 2021, '33', 872327, 14.41, 6.22),
(32, 2021, '973', 91566, 23.63, 9.99),
(33, 2021, '55', 99893, 12.18, 12.1),
(34, 2021, '40', 259512, 7.21, 6.64),
(35, 2021, '52', 100617, 19.61, 11.7),
(36, 2021, '64', 409790, 11.47, 8.14),
(37, 2021, '18', 179125, 14.7, 12.93),
(38, 2021, '75', 1386846, 20.42, 8.48),
(39, 2021, '34', 729652, 12.05, 7.32),
(40, 2021, '73', 349226, 17.55, 6.03),
(41, 2021, '86', 241950, 12.52, 9.62),
(42, 2021, '41', 184614, 14.33, 10.85),
(43, 2021, '94', 640016, 30.05, 5.66),
(44, 2021, '27', 297286, 16.72, 8.28),
(45, 2021, '95', 510302, 26.57, 5.92),
(46, 2021, '74', 517217, 13.61, 6.22),
(47, 2021, '15', 101693, 9, 11.94),
(48, 2021, '83', 722127, 10.52, 6.14),
(49, 2021, '61', 165463, 16.27, 11.25),
(50, 2021, '77', 619783, 19.17, 6.77),
(51, 2021, '30', 428087, 12.41, 8.41),
(52, 2021, '80', 301740, 16.66, 8.4),
(53, 2021, '38', 653289, 16.44, 7.7),
(54, 2021, '12', 182027, 6.6, 10.83),
(55, 2021, '68', 380237, 15.04, 8.97),
(56, 2021, '66', 352741, 11.07, 8.16),
(57, 2021, '57', 518771, 17.03, 9.15),
(58, 2021, '62', 717901, 26.13, 7.62),
(59, 2021, '91', 564587, 24.06, 6.48),
(60, 2021, '84', 305436, 14.17, 10.09),
(61, 2021, '56', 468872, 10.73, 7.28),
(62, 2021, '51', 295610, 28.34, 8.99),
(63, 2021, '14', 419713, 18.82, 6.81),
(64, 2021, '47', 186511, 7.35, 11.49),
(65, 2021, '2A', 120566, 9.02, 2.75),
(66, 2021, '90', 72929, 22.04, 9.79),
(67, 2021, '25', 282055, 15.33, 8.52),
(68, 2021, '17', 436869, 9.56, 7.15),
(69, 2021, '60', 376184, 19.83, 7.12),
(70, 2021, '63', 389711, 13.9, 10.36),
(71, 2021, '26', 275726, 12.52, 8.63),
(72, 2021, '85', 426425, 7.95, 5.12),
(73, 2021, '45', 347107, 17.13, 9.15),
(74, 2021, '13', 1034043, 17.66, 7.55),
(75, 2021, '44', 752968, 14.42, 5.58),
(76, 2021, '54', 378055, 15.85, 9.3),
(77, 2021, '23', 88727, 9.65, 15.47),
(78, 2021, '58', 141622, 13.44, 13.77),
(79, 2021, '72', 292627, 15.57, 9.22),
(80, 2021, '82', 132602, 7.76, 9.88),
(81, 2021, '29', 545808, 11.15, 7.54),
(82, 2021, '46', 118998, 6.25, 10.79),
(83, 2021, '22', 369601, 8.33, 8.79),
(84, 2021, '59', 1224589, 24.45, 7.65),
(85, 2021, '2B', 132077, 10.7, 3.39),
(86, 2021, '92', 801736, 28.11, 6.48),
(87, 2021, '39', 150169, 11.79, 9.85),
(88, 2021, '53', 157551, 11.91, 9.13),
(89, 2021, '43', 143699, 8.05, 12.4),
(90, 2021, '88', 214363, 14.35, 11.27),
(91, 2021, '67', 561561, 13.74, 7.83),
(92, 2022, '13', 1044973, 18, 8),
(93, 2022, '31', 740546, 14, 7),
(94, 2022, '11', 265167, 10, 8),
(95, 2022, '22', 371643, 8, 9),
(96, 2022, '45', 348977, 17, 9),
(97, 2022, '57', 523268, 17, 9),
(98, 2022, '2B', 133540, 11, 3),
(99, 2022, '12', 182769, 7, 11),
(100, 2022, '37', 328095, 18, 9),
(101, 2022, '73', 352254, 18, 6),
(102, 2022, '83', 729223, 11, 6),
(103, 2022, '78', 649383, 22, 6),
(104, 2022, '81', 214423, 9, 9),
(105, 2022, '93', 687238, 37, 6),
(106, 2022, '973', 94768, 23.61, 11),
(107, 2022, '44', 764010, 14, 6),
(108, 2022, '48', 61547, 8, 10),
(109, 2022, '36', 138826, 17, 13),
(110, 2022, '63', 392038, 14, 10),
(111, 2022, '17', 440935, 10, 7),
(112, 2022, '21', 292479, 15, 9),
(113, 2022, '74', 525404, 14, 6),
(114, 2022, '51', 297288, 28, 9),
(115, 2022, '91', 570417, 24, 7),
(116, 2022, '59', 1232504, 25, 8),
(117, 2022, '75', 1389375, 21, 9),
(118, 2022, '82', 133522, 8, 10),
(119, 2022, '15', 101953, 9, 12),
(120, 2022, '77', 626435, 19, 7),
(121, 2022, '90', 73180, 22, 10),
(122, 2022, '52', 100382, 20, 12),
(123, 2022, '32', 111536, 7, 11),
(124, 2022, '62', 720800, 26, 8),
(125, 2022, '19', 155041, 9, 11),
(126, 2022, '72', 293561, 16, 9),
(127, 2022, '80', 303449, 17, 8),
(128, 2022, '88', 214287, 14, 11),
(129, 2022, '49', 400508, 18, 7),
(130, 2022, '35', 561343, 15, 7),
(131, 2022, '33', 886986, 14, 6),
(132, 2022, '79', 195568, 9, 9),
(133, 2022, '87', 221194, 14, 10),
(134, 2022, '26', 277777, 13, 9),
(135, 2022, '41', 185077, 14, 11),
(136, 2022, '85', 430815, 8, 5),
(137, 2022, '18', 179430, 15, 13),
(138, 2022, '25', 283778, 15, 9),
(139, 2022, '76', 649681, 26, 8),
(140, 2022, '61', 165100, 16, 11),
(141, 2022, '64', 413357, 12, 8),
(142, 2022, '24', 261104, 7, 10),
(143, 2022, '55', 99834, 12, 12),
(144, 2022, '60', 378048, 20, 7),
(145, 2022, '71', 311966, 17, 10),
(146, 2022, '14', 422082, 19, 7),
(147, 2022, '27', 298148, 17, 8),
(148, 2022, '2A', 122005, 9, 3),
(149, 2022, '54', 379680, 16, 9),
(150, 2022, '43', 143916, 8, 12),
(151, 2022, '70', 128450, 11, 11),
(152, 2022, '58', 141411, 13, 14),
(153, 2022, '38', 659031, 17, 8),
(154, 2022, '23', 88646, 10, 16),
(155, 2022, '65', 163634, 12, 10),
(156, 2022, '89', 197718, 14, 12),
(157, 2022, '974', 383878, 23.36, 9),
(158, 2022, '67', 567991, 14, 8),
(159, 2022, '40', 262370, 7, 7),
(160, 2022, '56', 472749, 11, 7),
(161, 2022, '84', 308505, 14, 10),
(162, 2022, '34', 739737, 12, 7),
(163, 2022, '53', 158083, 12, 9),
(164, 2022, '972', 214788, 20.49, 16),
(165, 2022, '95', 517063, 27, 6),
(166, 2022, '28', 217440, 18, 9),
(167, 2022, '68', 382805, 15, 9),
(168, 2022, '46', 119499, 6, 11),
(169, 2022, '39', 150475, 12, 10),
(170, 2022, '16', 198920, 10, 11),
(171, 2022, '66', 355661, 11, 8),
(172, 2022, '42', 401112, 17, 10),
(173, 2022, '10', 166101, 22, 10),
(174, 2022, '94', 647289, 30, 6),
(175, 2022, '29', 549039, 11, 7),
(176, 2022, '30', 431684, 12, 8),
(177, 2022, '86', 242907, 13, 10),
(178, 2022, '971', 231840, 21.45, 15),
(179, 2022, '47', 187058, 7, 12),
(180, 2022, '69', 937544, 21, 7),
(181, 2022, '50', 299656, 17, 8),
(182, 2022, '92', 807711, 28, 6),
(183, 2023, '61', 164988, 16, 11),
(184, 2023, '28', 218433, 18, 9),
(185, 2023, '36', 138959, 16, 13),
(186, 2023, '15', 102234, 9, 12),
(187, 2023, '77', 634163, 19, 7),
(188, 2023, '26', 279948, 13, 9),
(189, 2023, '42', 403254, 17, 10),
(190, 2023, '66', 359151, 11, 8),
(191, 2023, '35', 546440, 16, 7),
(192, 2023, '37', 330454, 18, 9),
(193, 2023, '87', 221779, 14, 10),
(194, 2023, '55', 100007, 12, 12),
(195, 2023, '68', 386082, 15, 9),
(196, 2023, '69', 949531, 21, 7),
(197, 2023, '14', 426069, 19, 7),
(198, 2023, '71', 312880, 17, 10),
(199, 2023, '57', 527832, 17, 9),
(200, 2023, '75', 1393800, 21, 9),
(201, 2023, '50', 301071, 16, 8),
(202, 2023, '84', 311098, 14, 10),
(203, 2023, '45', 351028, 17, 9),
(204, 2023, '2A', 123650, 9, 3),
(205, 2023, '79', 196421, 9, 9),
(206, 2023, '73', 355575, 17, 6),
(207, 2023, '19', 155575, 9, 11),
(208, 2023, '16', 199746, 10, 11),
(209, 2023, '67', 575001, 14, 8),
(210, 2023, '973', 88986, 26, 10),
(211, 2023, '64', 417293, 12, 8),
(212, 2023, '81', 215987, 9, 9),
(213, 2023, '29', 542677, 12, 7),
(214, 2023, '89', 197870, 14, 12),
(215, 2023, '78', 654741, 22, 6),
(216, 2023, '62', 724156, 26, 7),
(217, 2023, '82', 134694, 8, 10),
(218, 2023, '53', 158874, 12, 9),
(219, 2023, '58', 141219, 13, 14),
(220, 2023, '972', 212577, 21, 15),
(221, 2023, '70', 128855, 11, 11),
(222, 2023, '65', 164545, 11, 10),
(223, 2023, '52', 100520, 19, 12),
(224, 2023, '88', 214812, 14, 11),
(225, 2023, '971', 227525, 22, 15),
(226, 2023, '2B', 135125, 11, 3),
(227, 2023, '85', 435953, 8, 5),
(228, 2023, '18', 179389, 15, 13),
(229, 2023, '93', 696152, 37, 6),
(230, 2023, '54', 381849, 16, 9),
(231, 2023, '43', 144442, 8, 12),
(232, 2023, '95', 523106, 27, 6),
(233, 2023, '74', 533337, 14, 7),
(234, 2023, '33', 900198, 15, 6),
(235, 2023, '92', 815765, 28, 7),
(236, 2023, '13', 1055315, 18, 8),
(237, 2023, '974', 369895, 25, 9),
(238, 2023, '11', 266877, 10, 8),
(239, 2023, '80', 305380, 17, 8),
(240, 2023, '25', 285770, 15, 9),
(241, 2023, '51', 299421, 28, 9),
(242, 2023, '72', 294778, 16, 9),
(243, 2023, '27', 299419, 16, 8),
(244, 2023, '56', 464186, 11, 7),
(245, 2023, '30', 435785, 12, 9),
(246, 2023, '31', 754396, 15, 7),
(247, 2023, '63', 394760, 14, 10),
(248, 2023, '22', 366683, 9, 9),
(249, 2023, '21', 294776, 15, 9),
(250, 2023, '24', 262321, 7, 10),
(251, 2023, '40', 265930, 8, 7),
(252, 2023, '94', 654340, 30, 6),
(253, 2023, '32', 112134, 7, 10),
(254, 2023, '59', 1241241, 25, 8),
(255, 2023, '23', 88769, 10, 16),
(256, 2023, '86', 243821, 13, 9),
(257, 2023, '46', 120123, 6, 11),
(258, 2023, '12', 183702, 7, 11),
(259, 2023, '34', 750002, 13, 7),
(260, 2023, '44', 776207, 15, 6),
(261, 2023, '10', 166928, 23, 9),
(262, 2023, '48', 61734, 8, 10),
(263, 2023, '39', 151009, 12, 10),
(264, 2023, '90', 73384, 22, 11),
(265, 2023, '60', 380003, 20, 7),
(266, 2023, '38', 665362, 17, 8),
(267, 2023, '41', 185591, 14, 11),
(268, 2023, '49', 403157, 18, 7),
(269, 2023, '47', 188120, 7, 12),
(270, 2023, '17', 445578, 10, 7),
(271, 2023, '91', 577712, 24, 7),
(272, 2023, '83', 735547, 11, 6),
(273, 2023, '76', 653680, 26, 8),
(274, 2021, '05', 136581, 12, 5.84),
(275, 2021, '04', 129062, 9.66, 8.35),
(276, 2021, '03', 208375, 12.54, 14.63),
(277, 2021, '07', 204906, 9.22, 9.73),
(278, 2021, '08', 143015, 19.94, 11.43),
(279, 2021, '09', 110222, 5, 9.71),
(280, 2021, '02', 266640, 17.57, 9.76),
(281, 2021, '06', 772316, 11.17, 8.37),
(282, 2021, '01', 317983, 16.99, 8.13),
(283, 2022, '04', 129690, 10, 8),
(284, 2022, '01', 321432, 17, 8),
(285, 2022, '08', 142983, 20, 12),
(286, 2022, '02', 266922, 18, 10),
(287, 2022, '05', 137644, 12, 6),
(288, 2022, '07', 206435, 9, 10),
(289, 2022, '06', 778291, 11, 8),
(290, 2022, '03', 208863, 12, 15),
(291, 2022, '09', 110526, 5, 10),
(292, 2023, '05', 138751, 12, 6),
(293, 2023, '02', 267555, 18, 10),
(294, 2023, '06', 783398, 12, 8),
(295, 2023, '04', 130500, 10, 8),
(296, 2023, '03', 209251, 12, 15),
(297, 2023, '01', 325431, 17, 8),
(298, 2023, '09', 110875, 5, 9),
(299, 2023, '08', 143402, 20, 12),
(300, 2023, '07', 207922, 9, 10);

-- --------------------------------------------------------

--
-- Structure de la table `messenger_messages`
--

DROP TABLE IF EXISTS `messenger_messages`;
CREATE TABLE IF NOT EXISTS `messenger_messages` (
  `id` bigint NOT NULL AUTO_INCREMENT,
  `body` longtext NOT NULL,
  `headers` longtext NOT NULL,
  `queue_name` varchar(190) NOT NULL,
  `created_at` datetime NOT NULL,
  `available_at` datetime NOT NULL,
  `delivered_at` datetime DEFAULT NULL,
  PRIMARY KEY (`id`),
  KEY `IDX_75EA56E0FB7336F0E3BD61CE16BA31DBBF396750` (`queue_name`,`available_at`,`delivered_at`,`id`)
) ENGINE=MyISAM DEFAULT CHARSET=utf8mb4 COLLATE=utf8mb4_0900_ai_ci;

-- --------------------------------------------------------

--
-- Structure de la table `population`
--

DROP TABLE IF EXISTS `population`;
CREATE TABLE IF NOT EXISTS `population` (
  `id` int NOT NULL AUTO_INCREMENT,
  `annee` int NOT NULL,
  `code_dept` varchar(10) NOT NULL,
  `nb_habitants` double DEFAULT NULL,
  `densite` double DEFAULT NULL,
  `variation_pop` double DEFAULT NULL,
  `solde_naturel` double DEFAULT NULL,
  `solde_migratoire` double DEFAULT NULL,
  `pop_moins_20ans` double DEFAULT NULL,
  `pop_plus_60ans` double DEFAULT NULL,
  `taux_chomage` double DEFAULT NULL,
  `taux_pauvrete` double DEFAULT NULL,
  PRIMARY KEY (`id`)
) ENGINE=MyISAM AUTO_INCREMENT=301 DEFAULT CHARSET=utf8mb4 COLLATE=utf8mb4_0900_ai_ci;

--
-- Déchargement des données de la table `population`
--

INSERT INTO `population` (`id`, `annee`, `code_dept`, `nb_habitants`, `densite`, `variation_pop`, `solde_naturel`, `solde_migratoire`, `pop_moins_20ans`, `pop_plus_60ans`, `taux_chomage`, `taux_pauvrete`) VALUES
(1, 2021, '971', 379707, 233, -5, 4, -10, 24, 27, 19.4, NULL),
(2, 2021, '69', 1882578, 579, 9, 7, 1, 25, 22, 7.3, 14.2),
(3, 2021, '50', 492896, 83, -1, -1, 0, 21, 32, 5.8, 12),
(4, 2021, '37', 608781, 99, 3, 1, 1, 23, 28, 6.9, 13),
(5, 2021, '974', 856858, 342, 4, 11, -7, 29, 18, 17.4, 38.9),
(6, 2021, '16', 349878, 58, 0, -2, 1, 20, 33, 7.5, 15),
(7, 2021, '10', 310161, 51, 2, 1, 1, 24, 28, 10, 16.2),
(8, 2021, '24', 411528, 45, 0, -4, 4, 18, 37, 7.9, 16.3),
(9, 2021, '89', 334626, 45, -2, -1, 0, 22, 32, 6.9, 14.5),
(10, 2021, '31', 1409629, 223, 13, 5, 7, 24, 22, 8.2, 13.3),
(11, 2021, '87', 371228, 67, -1, -1, 0, 21, 32, 7.2, 15.5),
(12, 2021, '48', 76573, 14, 0, -4, 3, 20, 33, 4.7, 14.5),
(13, 2021, '79', 374608, 62, 1, 0, 1, 22, 30, 5.6, 12.3),
(14, 2021, '93', 1657893, 7024, 8, 13, -4, 29, 16, 11.1, 28.4),
(15, 2021, '972', 359821, 318, -8, 2, -11, 21, 30, 14.9, 29.8),
(16, 2021, '21', 532576, 60, 1, 1, 0, 22, 27, 6, 11.2),
(17, 2021, '76', 1252833, 199, 0, 2, -2, 24, 26, 8.8, 14.9),
(18, 2021, '19', 239470, 40, -1, -4, 2, 20, 35, 6.4, 13.1),
(19, 2021, '32', 191322, 30, 1, -4, 5, 19, 35, 6.1, 14.9),
(20, 2021, '81', 389012, 67, 3, -1, 5, 21, 32, 8, 15.6),
(21, 2021, '35', 1085753, 160, 9, 4, 5, 25, 23, 6.3, 10.5),
(22, 2021, '70', 234567, 43, -2, 0, -2, 22, 30, 6.8, 13.2),
(23, 2021, '49', 818345, 114, 4, 3, 0, 25, 26, 7.2, 11.4),
(24, 2021, '11', 376059, 61, 5, -1, 7, 21, 33, 10.4, 20.7),
(25, 2021, '71', 549364, 64, -1, -1, 0, 21, 33, 6.7, 13.1),
(26, 2021, '78', 1449520, 634, 2, 7, -4, 26, 22, 6.7, 9.7),
(27, 2021, '65', 229205, 51, 0, -3, 3, 19, 34, 8.8, 15.4),
(28, 2021, '36', 218129, 32, -5, -4, 0, 19, 36, 7.5, 14.5),
(29, 2021, '42', 765546, 160, 2, 2, 0, 24, 28, 7.8, 15),
(30, 2021, '28', 429641, 73, 0, 2, -2, 24, 27, 7.2, 12),
(31, 2021, '33', 1636085, 152, 12, 2, 9, 23, 25, 7.5, 12.6),
(32, 2021, '973', 288086, 3, 25, 26, -1, 41, 9, 17.8, NULL),
(33, 2021, '55', 181387, 29, -6, 0, -5, 22, 30, 7.3, 14.5),
(34, 2021, '40', 414728, 44, 7, -1, 9, 20, 32, 7.6, 11.8),
(35, 2021, '52', 170339, 27, -7, -1, -5, 20, 32, 6.7, 14.9),
(36, 2021, '64', 685441, 89, 4, -1, 5, 21, 31, 6.6, 12.3),
(37, 2021, '18', 299153, 41, -3, -2, -1, 20, 33, 7.7, 14.3),
(38, 2021, '75', 2154092, 20515, -3, 6, -10, 18, 22, 6.8, 15.2),
(39, 2021, '34', 1184031, 194, 13, 2, 10, 22, 27, 11, 19.7),
(40, 2021, '73', 436834, 72, 5, 2, 2, 22, 27, 6.6, 10),
(41, 2021, '86', 438390, 62, 2, 0, 1, 23, 28, 6.3, 14.3),
(42, 2021, '41', 327835, 51, 0, 0, 0, 22, 32, 6.2, 12.6),
(43, 2021, '94', 1411786, 5762, 6, 9, -3, 25, 20, 7.8, 16.6),
(44, 2021, '27', 596993, 98, 1, 3, -1, 25, 26, 8, 12.5),
(45, 2021, '95', 1253568, 1006, 7, 10, -3, 28, 19, 8.9, 17.2),
(46, 2021, '74', 831867, 189, 12, 6, 6, 24, 22, 6.6, 8.9),
(47, 2021, '15', 143821, 25, -2, -5, 2, 18, 36, 4.5, 13),
(48, 2021, '83', 1079043, 180, 7, 0, 7, 20, 33, 8.2, 15.6),
(49, 2021, '61', 277400, 45, -4, -1, -2, 21, 34, 7.3, 15.4),
(50, 2021, '77', 1426334, 241, 7, 7, 0, 27, 20, 7.3, 11.8),
(51, 2021, '30', 749136, 127, 5, 1, 4, 22, 30, 10.6, 19.8),
(52, 2021, '80', 568750, 92, 0, 1, -1, 24, 26, 9.1, 16.4),
(53, 2021, '38', 1269323, 170, 5, 5, 0, 25, 24, 6.6, 11.3),
(54, 2021, '12', 279334, 31, 0, -3, 4, 20, 35, 6, 14),
(55, 2021, '68', 765130, 217, 2, 2, 0, 23, 27, 8, 12.9),
(56, 2021, '66', 478983, 116, 6, -1, 8, 21, 33, 12.2, 21),
(57, 2021, '57', 1041009, 167, 0, 1, -1, 22, 27, 7.7, 15.3),
(58, 2021, '62', 1459364, 218, 0, 2, -2, 25, 25, 9, 19.3),
(59, 2021, '91', 1309566, 725, 7, 9, -1, 27, 20, 7, 13.1),
(60, 2021, '84', 560425, 157, 3, 2, 0, 23, 29, 10.1, 20),
(61, 2021, '56', 760313, 111, 5, 0, 6, 22, 32, 6.6, 11.2),
(62, 2021, '51', 563834, 69, 0, 2, -2, 24, 26, 7.6, 14.4),
(63, 2021, '14', 693310, 124, 1, 1, 0, 23, 28, 7.2, 12.4),
(64, 2021, '47', 330756, 61, 0, -1, 1, 21, 33, 7.9, 17),
(65, 2021, '2A', 161208, 40, 12, 0, 12, 20, 31, 6.6, 16.1),
(66, 2021, '90', 139866, 229, -2, 2, -4, 23, 27, 8.6, 14.5),
(67, 2021, '25', 542997, 103, 2, 3, -1, 24, 25, 7.2, 12.1),
(68, 2021, '17', 650757, 94, 4, -2, 7, 20, 35, 8, 12.8),
(69, 2021, '60', 829408, 141, 3, 4, -1, 26, 23, 8, 12.9),
(70, 2021, '63', 666274, 83, 5, 0, 4, 22, 28, 6.8, 13.2),
(71, 2021, '26', 520531, 79, 7, 2, 4, 24, 28, 8.5, 14.8),
(72, 2021, '85', 687477, 102, 8, 0, 8, 22, 32, 6.2, 9.2),
(73, 2021, '45', 682187, 100, 3, 3, 0, 25, 26, 7.2, 13.2),
(74, 2021, '13', 2044355, 401, 3, 4, 0, 23, 26, 9.2, 18.7),
(75, 2021, '44', 1442940, 211, 12, 4, 8, 25, 24, 6.7, 10.3),
(76, 2021, '54', 731533, 139, 0, 1, -1, 23, 26, 7.5, 15.4),
(77, 2021, '23', 115555, 20, -6, -8, 2, 17, 39, 7, 18.7),
(78, 2021, '58', 201755, 29, -8, -5, -2, 19, 38, 6.2, 15.7),
(79, 2021, '72', 563536, 90, 0, 1, -1, 24, 29, 7.7, 13.1),
(80, 2021, '82', 261307, 70, 8, 0, 7, 24, 29, 9.2, 17),
(81, 2021, '29', 913187, 135, 1, -1, 3, 22, 30, 6.6, 10.6),
(82, 2021, '46', 174146, 33, 0, -4, 4, 18, 38, 7.8, 15),
(83, 2021, '22', 599271, 87, 1, -2, 3, 22, 33, 6.8, 11.7),
(84, 2021, '59', 2601802, 453, 0, 4, -3, 26, 23, 9.8, 19.1),
(85, 2021, '2B', 184659, 39, 12, 0, 12, 20, 29, 7.3, 20.6),
(86, 2021, '92', 1628798, 9254, 3, 9, -5, 24, 20, 6.8, 11.9),
(87, 2021, '39', 258766, 51, -1, 0, 0, 22, 31, 5.4, 11.8),
(88, 2021, '53', 306123, 59, 0, 1, -1, 24, 29, 5.3, 11.5),
(89, 2021, '43', 227878, 45, 1, -1, 3, 22, 32, 6.1, 12.1),
(90, 2021, '88', 361749, 61, -4, -1, -3, 21, 32, 8.2, 15.4),
(91, 2021, '67', 1143364, 240, 4, 3, 0, 22, 25, 6.9, 13.7),
(92, 2022, '13', 2056455, 402, 4, 4, 0, 24, 27, 9.1, 17.9),
(93, 2022, '31', 1434439, 223, 13, 5, 7, 24, 22, 8, 13.3),
(94, 2022, '11', 378068, 61, 5, -2, 7, 21, 34, 10.5, 20),
(95, 2022, '22', 600924, 87, 1, -3, 4, 22, 34, 6.8, 12.1),
(96, 2022, '45', 684609, 101, 3, 3, 0, 25, 27, 7.2, 13.2),
(97, 2022, '57', 1045213, 167, 0, 0, 0, 22, 28, 7.8, 15.3),
(98, 2022, '2B', 185528, 40, 10, 0, 10, 20, 30, 7.3, 20.1),
(99, 2022, '12', 279997, 32, 1, -4, 5, 20, 35, 5.9, 14),
(100, 2022, '37', 612237, 99, 3, 1, 1, 23, 29, 6.8, 12.4),
(101, 2022, '73', 439852, 72, 4, 2, 2, 23, 28, 6.5, 10.3),
(102, 2022, '83', 1090123, 181, 7, -1, 8, 21, 34, 8.2, 15.3),
(103, 2022, '78', 1457875, 635, 3, 7, -4, 27, 23, 6.7, 9.7),
(104, 2022, '81', 392053, 68, 3, -2, 5, 22, 33, 8, 15.3),
(105, 2022, '93', 1668164, 7025, 9, 13, -4, 29, 17, 10.9, 27.6),
(106, 2022, '973', 290528, 3, 22, 29, -7, 41, 10, 14.5, NULL),
(107, 2022, '44', 1461267, 212, 12, 4, 8, 25, 24, 6.5, 10),
(108, 2022, '48', 76604, 15, 0, -5, 4, 20, 34, 4.9, 14.9),
(109, 2022, '36', 216392, 32, -5, -5, 0, 20, 36, 7.4, 14.6),
(110, 2022, '63', 669014, 84, 5, 0, 4, 22, 29, 6.8, 13.2),
(111, 2022, '17', 656951, 95, 5, -3, 8, 20, 36, 7.9, 12.4),
(112, 2022, '21', 534164, 61, 1, 1, 0, 22, 28, 5.8, 11.5),
(113, 2022, '74', 841639, 190, 12, 6, 6, 25, 23, 6.5, 9.4),
(114, 2022, '51', 563998, 69, 0, 2, -2, 24, 26, 7.4, 14.2),
(115, 2022, '91', 1310435, 726, 6, 9, -2, 27, 21, 6.9, 13.2),
(116, 2022, '59', 2607879, 453, 1, 4, -3, 26, 24, 9.8, 18.4),
(117, 2022, '75', 2147716, 20515, -4, 6, -11, 19, 23, 6.4, 15.4),
(118, 2022, '82', 262863, 70, 7, 0, 6, 24, 29, 9.1, 16.3),
(119, 2022, '15', 143790, 25, -2, -6, 4, 19, 37, 4.3, 13.2),
(120, 2022, '77', 1436063, 241, 7, 8, 0, 27, 21, 7.3, 11.7),
(121, 2022, '90', 138931, 230, -3, 1, -5, 24, 27, 9, 14.8),
(122, 2022, '52', 168391, 27, -7, -2, -4, 21, 33, 6.5, 15),
(123, 2022, '32', 191910, 31, 1, -5, 6, 20, 36, 6.1, 15),
(124, 2022, '62', 1460003, 219, 0, 1, -2, 25, 26, 9, 17.8),
(125, 2022, '19', 239019, 41, -1, -5, 3, 20, 36, 6.4, 13.1),
(126, 2022, '72', 565314, 91, 0, 0, -1, 24, 29, 7.7, 12.9),
(127, 2022, '80', 567745, 92, 0, 0, -1, 24, 27, 9.1, 15.7),
(128, 2022, '88', 360241, 62, -4, -2, -2, 21, 33, 8.2, 14.9),
(129, 2022, '49', 822488, 114, 4, 3, 0, 25, 27, 7, 11.1),
(130, 2022, '35', 1098420, 160, 10, 4, 6, 25, 24, 5.8, 10.7),
(131, 2022, '33', 1661929, 153, 13, 2, 10, 23, 26, 7.2, 12.4),
(132, 2022, '79', 374763, 62, 1, -1, 2, 23, 31, 5.6, 11.9),
(133, 2022, '87', 370651, 67, -1, -1, 0, 21, 32, 7, 15.3),
(134, 2022, '26', 521894, 80, 6, 2, 4, 24, 29, 8.5, 14.4),
(135, 2022, '41', 326778, 52, -1, -1, 0, 22, 33, 6.3, 12.5),
(136, 2022, '85', 694684, 102, 8, 0, 8, 23, 32, 5.9, 8.9),
(137, 2022, '18', 298669, 41, -4, -3, 0, 21, 34, 7.8, 14),
(138, 2022, '25', 546224, 104, 3, 3, 0, 24, 26, 7.3, 12.2),
(139, 2022, '76', 1254203, 200, 0, 2, -2, 24, 27, 8.6, 14.6),
(140, 2022, '61', 275624, 45, -5, -3, -2, 22, 34, 7.2, 15),
(141, 2022, '64', 688474, 90, 4, -1, 6, 21, 32, 6.4, 12.2),
(142, 2022, '24', 412163, 45, 0, -5, 5, 19, 38, 7.7, 16.1),
(143, 2022, '55', 180059, 29, -6, -1, -5, 22, 31, 7.5, 14.2),
(144, 2022, '60', 831944, 142, 3, 4, -1, 26, 24, 7.9, 12.8),
(145, 2022, '71', 547937, 64, -1, -2, 1, 21, 34, 6.6, 12.8),
(146, 2022, '14', 695207, 125, 1, 0, 0, 23, 29, 7.1, 11.9),
(147, 2022, '27', 595697, 99, 1, 2, -1, 25, 27, 7.8, 12.3),
(148, 2022, '2A', 161082, 40, 10, -1, 11, 20, 31, 6.5, 16.3),
(149, 2022, '54', 732085, 139, 0, 1, -1, 23, 26, 7.5, 14.6),
(150, 2022, '43', 227229, 46, 1, -2, 3, 22, 32, 6.1, 11.9),
(151, 2022, '70', 233489, 44, -2, 0, -1, 22, 31, 6.8, 13),
(152, 2022, '58', 201110, 30, -7, -6, -1, 19, 38, 6.5, 15.5),
(153, 2022, '38', 1280557, 171, 5, 4, 0, 25, 25, 6.5, 11.3),
(154, 2022, '23', 114609, 21, -6, -9, 3, 18, 40, 7.1, 18.3),
(155, 2022, '65', 230579, 51, 0, -4, 4, 20, 35, 8.8, 15.5),
(156, 2022, '89', 332048, 45, -3, -2, 0, 22, 32, 7.1, 14.3),
(157, 2022, '974', 866181, 342, 4, 12, -7, 29, 19, 18, 35.6),
(158, 2022, '67', 1150899, 240, 4, 3, 1, 23, 26, 6.7, 13.2),
(159, 2022, '40', 419507, 45, 8, -2, 10, 21, 33, 7.6, 11.4),
(160, 2022, '56', 767088, 111, 5, -1, 7, 22, 33, 6.5, 11.5),
(161, 2022, '84', 562533, 157, 2, 2, 0, 24, 29, 10.1, 19.5),
(162, 2022, '34', 1203899, 194, 13, 2, 10, 23, 28, 10.9, 18.7),
(163, 2022, '53', 306224, 59, 0, 1, -1, 24, 29, 5.2, 11),
(164, 2022, '972', 356029, 319, -9, 1, -11, 21, 31, 12.9, 26.7),
(165, 2022, '95', 1267124, 1006, 7, 11, -3, 29, 20, 8.8, 17),
(166, 2022, '28', 429083, 73, 0, 2, -2, 25, 28, 7, 11.8),
(167, 2022, '68', 767736, 217, 1, 2, 0, 23, 27, 7.8, 13.2),
(168, 2022, '46', 174282, 33, 0, -5, 5, 18, 39, 7.8, 14.9),
(169, 2022, '39', 257906, 52, -1, -1, 0, 22, 31, 5.3, 11.2),
(170, 2022, '16', 350888, 59, 0, -2, 2, 20, 33, 7.5, 14.6),
(171, 2022, '66', 483558, 116, 6, -2, 9, 21, 34, 12.3, 20.7),
(172, 2022, '42', 766473, 160, 2, 1, 0, 24, 29, 7.6, 15),
(173, 2022, '10', 310804, 52, 2, 0, 1, 24, 28, 10, 16.2),
(174, 2022, '94', 1425072, 5762, 6, 9, -2, 26, 21, 7.7, 16.6),
(175, 2022, '29', 919983, 136, 2, -1, 4, 22, 31, 6.6, 11),
(176, 2022, '30', 751840, 128, 4, 0, 3, 23, 31, 10.6, 19.4),
(177, 2022, '86', 439635, 63, 2, 0, 2, 23, 29, 6.3, 14),
(178, 2022, '971', 377856, 233, -6, 3, -10, 24, 28, 17.2, NULL),
(179, 2022, '47', 329848, 62, 0, -2, 2, 21, 34, 7.9, 16.8),
(180, 2022, '69', 1899599, 579, 8, 7, 0, 25, 22, 7.1, 14.1),
(181, 2022, '50', 492667, 83, -1, -2, 0, 21, 33, 5.6, 11.4),
(182, 2022, '92', 1636156, 9255, 3, 9, -5, 25, 21, 6.6, 11.9),
(183, 2023, '61', 276600, 45, -4, -3, -1, 21, 34, 6.4, 15),
(184, 2023, '28', 430512, 73, 0, 2, -2, 25, 27, 6.6, 11.8),
(185, 2023, '36', 217378, 32, -5, -5, 0, 19, 36, 7, 14.6),
(186, 2023, '15', 144123, 25, -2, -6, 4, 18, 36, 4.1, 13.2),
(187, 2023, '77', 1436079, 243, 7, 8, 0, 27, 20, 6.6, 11.7),
(188, 2023, '26', 519421, 80, 6, 2, 4, 23, 29, 7.7, 14.4),
(189, 2023, '42', 769112, 161, 2, 1, 1, 24, 28, 7.1, 15),
(190, 2023, '66', 485651, 118, 7, -2, 9, 21, 33, 11.7, 20.7),
(191, 2023, '35', 1099074, 162, 10, 4, 6, 24, 24, 5.4, 10.7),
(192, 2023, '37', 614119, 100, 3, 1, 2, 23, 28, 6.3, 12.4),
(193, 2023, '87', 371487, 67, -1, -1, 0, 21, 32, 6.3, 15.3),
(194, 2023, '55', 181165, 29, -6, -1, -4, 22, 31, 7.3, 14.2),
(195, 2023, '68', 767636, 218, 1, 2, 0, 22, 27, 6.8, 13.2),
(196, 2023, '69', 1895426, 583, 8, 7, 0, 25, 22, 6.2, 14.1),
(197, 2023, '14', 698670, 126, 1, 0, 1, 23, 29, 6.3, 11.9),
(198, 2023, '71', 549467, 64, -1, -2, 1, 21, 33, 6.4, 12.8),
(199, 2023, '57', 1049612, 169, 0, 0, 0, 22, 27, 7, 15.3),
(200, 2023, '75', 2131104, 20296, -5, 6, -12, 18, 22, 5.6, 15.4),
(201, 2023, '50', 494474, 83, -1, -2, 1, 21, 32, 5.1, 11.4),
(202, 2023, '84', 562700, 158, 2, 2, 0, 23, 29, 9.5, 19.5),
(203, 2023, '45', 683940, 101, 3, 3, 0, 25, 26, 6.9, 13.2),
(204, 2023, '2A', 161872, 40, 10, -1, 12, 20, 31, 5.8, 16.3),
(205, 2023, '79', 374428, 62, 0, -1, 2, 22, 30, 5.1, 11.9),
(206, 2023, '73', 441899, 73, 5, 2, 3, 23, 27, 5.2, 10.3),
(207, 2023, '19', 238576, 41, -1, -5, 3, 19, 35, 5.9, 13.1),
(208, 2023, '16', 351576, 59, 0, -2, 2, 20, 33, 6.7, 14.6),
(209, 2023, '67', 1154712, 243, 5, 3, 1, 22, 25, 6.1, 13.2),
(210, 2023, '973', 290714, 3, 22, 29, -7, 41, 9, 10.9, NULL),
(211, 2023, '64', 690920, 90, 5, -1, 6, 20, 31, 5.6, 12.2),
(212, 2023, '81', 392328, 68, 3, -2, 5, 21, 33, 7.7, 15.3),
(213, 2023, '29', 920279, 137, 2, -1, 4, 21, 31, 6.1, 11),
(214, 2023, '89', 332620, 45, -2, -2, 0, 22, 32, 6.7, 14.3),
(215, 2023, '78', 1452852, 636, 2, 7, -4, 26, 22, 6.3, 9.7),
(216, 2023, '62', 1459338, 219, 0, 1, -2, 25, 26, 8.1, 17.8),
(217, 2023, '82', 263504, 71, 7, 0, 7, 24, 29, 8.6, 16.3),
(218, 2023, '53', 306043, 59, 0, 1, -1, 24, 29, 4.9, 11),
(219, 2023, '58', 201017, 29, -7, -6, -1, 19, 38, 6.7, 15.5),
(220, 2023, '972', 357191, 317, -8, 1, -10, 21, 30, 10.2, 26.7),
(221, 2023, '70', 233493, 44, -2, 0, -1, 22, 30, 6.3, 13),
(222, 2023, '65', 230143, 52, 0, -4, 4, 19, 34, 7.7, 15.5),
(223, 2023, '52', 170280, 27, -6, -2, -3, 20, 33, 6.4, 15),
(224, 2023, '88', 359915, 61, -4, -2, -2, 21, 32, 7.4, 14.9),
(225, 2023, '971', 381606, 234, -5, 3, -9, 24, 28, 19.3, NULL),
(226, 2023, '2B', 184485, 40, 9, 0, 10, 19, 30, 6.4, 20.1),
(227, 2023, '85', 698570, 104, 8, 0, 9, 22, 32, 5.1, 8.9),
(228, 2023, '18', 299546, 41, -3, -3, 0, 21, 33, 7.4, 14),
(229, 2023, '93', 1664856, 7054, 8, 13, -5, 28, 17, 10, 27.6),
(230, 2023, '54', 731390, 139, 0, 1, -1, 23, 26, 6.8, 14.6),
(231, 2023, '43', 227111, 46, 0, -2, 3, 22, 32, 5.5, 11.9),
(232, 2023, '95', 1258517, 1010, 6, 11, -4, 28, 19, 7.9, 17),
(233, 2023, '74', 843675, 192, 12, 6, 6, 24, 22, 5.3, 9.4),
(234, 2023, '33', 1655325, 154, 13, 2, 10, 22, 25, 6.4, 12.4),
(235, 2023, '92', 1631170, 9268, 3, 9, -6, 24, 20, 5.8, 11.9),
(236, 2023, '13', 2055002, 404, 4, 4, 0, 23, 27, 8.6, 17.9),
(237, 2023, '974', 866669, 346, 4, 12, -7, 29, 19, 17.1, 35.6),
(238, 2023, '11', 376885, 61, 4, -2, 7, 21, 34, 9.9, 20),
(239, 2023, '80', 566872, 92, 0, 0, -1, 23, 27, 8.6, 15.7),
(240, 2023, '25', 546630, 104, 3, 3, 0, 24, 26, 6.3, 12.2),
(241, 2023, '51', 565685, 69, 0, 2, -2, 23, 26, 7, 14.2),
(242, 2023, '72', 567068, 91, 0, 0, 0, 24, 29, 6.8, 12.9),
(243, 2023, '27', 598404, 99, 1, 2, 0, 25, 26, 6.7, 12.3),
(244, 2023, '56', 768617, 113, 5, -1, 7, 21, 32, 5.6, 11.5),
(245, 2023, '30', 753509, 129, 4, 0, 3, 22, 30, 9.8, 19.4),
(246, 2023, '31', 1434268, 227, 13, 5, 7, 23, 22, 7.2, 13.3),
(247, 2023, '63', 664189, 83, 4, 0, 4, 22, 28, 6.2, 13.2),
(248, 2023, '22', 605211, 88, 1, -3, 5, 22, 33, 6.2, 12.1),
(249, 2023, '21', 535275, 61, 1, 1, 0, 22, 27, 5.6, 11.5),
(250, 2023, '24', 412686, 46, 0, -5, 5, 18, 37, 7.1, 16.1),
(251, 2023, '40', 421672, 46, 8, -2, 10, 20, 33, 6.8, 11.4),
(252, 2023, '94', 1413781, 5771, 6, 9, -3, 25, 20, 7, 16.6),
(253, 2023, '32', 192159, 31, 1, -5, 6, 20, 36, 0, 15),
(254, 2023, '59', 2607335, 454, 1, 4, -3, 25, 23, 9.2, 18.4),
(255, 2023, '23', 115050, 21, -6, -9, 3, 18, 39, 6.8, 18.3),
(256, 2023, '86', 440161, 63, 2, 0, 2, 23, 28, 5.8, 14),
(257, 2023, '46', 174907, 34, 0, -5, 5, 18, 38, 7.3, 14.9),
(258, 2023, '12', 279571, 32, 1, -4, 5, 20, 35, 5.6, 14),
(259, 2023, '34', 1203908, 197, 13, 2, 10, 22, 28, 9.9, 18.7),
(260, 2023, '44', 1462506, 215, 12, 4, 8, 24, 24, 5.5, 10),
(261, 2023, '10', 311831, 52, 2, 0, 2, 24, 28, 9.4, 16.2),
(262, 2023, '48', 76593, 15, 0, -5, 4, 20, 33, 4.6, 14.9),
(263, 2023, '39', 257991, 52, -1, -1, 0, 22, 31, 5.2, 11.2),
(264, 2023, '90', 138976, 228, -3, 1, -4, 23, 27, 8.1, 14.8),
(265, 2023, '60', 830560, 142, 3, 4, -1, 26, 23, 7.2, 12.8),
(266, 2023, '38', 1282526, 173, 5, 4, 0, 25, 24, 5.7, 11.3),
(267, 2023, '41', 328271, 52, 0, -1, 0, 22, 32, 5.9, 12.5),
(268, 2023, '49', 823052, 115, 4, 3, 0, 25, 26, 6.3, 11.1),
(269, 2023, '47', 329989, 62, 0, -2, 2, 21, 34, 7.3, 16.8),
(270, 2023, '17', 659379, 96, 5, -3, 9, 19, 35, 6.7, 12.4),
(271, 2023, '91', 1308892, 726, 6, 9, -2, 26, 21, 6.3, 13.2),
(272, 2023, '83', 1094127, 183, 8, -1, 9, 20, 33, 7.2, 15.3),
(273, 2023, '76', 1254334, 200, 0, 2, -2, 24, 27, 7.5, 14.6),
(274, 2021, '05', 140349, 25, 2, 0, 2, 21, 32, 7.5, 13.9),
(275, 2021, '04', 165232, 23, 3, -1, 5, 20, 34, 9, 16.8),
(276, 2021, '03', 333847, 45, -2, -3, 1, 20, 35, 8.4, 15.5),
(277, 2021, '07', 327740, 59, 4, -1, 5, 21, 32, 8.4, 14.4),
(278, 2021, '08', 267496, 51, -5, 0, -5, 22, 29, 9.5, 18.9),
(279, 2021, '09', 153113, 31, 0, -3, 3, 20, 34, 9.9, 18),
(280, 2021, '02', 528471, 71, -2, 1, -3, 24, 27, 11, 18.4),
(281, 2021, '06', 1088178, 253, 0, 0, 0, 21, 31, 8.9, 15.8),
(282, 2021, '01', 657907, 114, 10, 4, 6, 25, 24, 6, 10.3),
(283, 2022, '04', 165171, 24, 2, -2, 5, 21, 35, 9.1, 16.6),
(284, 2022, '01', 660875, 114, 9, 4, 5, 26, 24, 5.9, 10.5),
(285, 2022, '08', 267127, 51, -5, 0, -5, 23, 30, 9.5, 18.3),
(286, 2022, '02', 526857, 72, -2, 0, -3, 25, 28, 11.1, 18),
(287, 2022, '05', 141039, 25, 1, 0, 2, 21, 33, 7.8, 13.9),
(288, 2022, '07', 329841, 59, 3, -2, 6, 22, 33, 8.6, 14.3),
(289, 2022, '06', 1101039, 253, 1, 0, 1, 21, 31, 8.6, 16.2),
(290, 2022, '03', 333042, 45, -2, -4, 1, 20, 36, 8.3, 15.3),
(291, 2022, '09', 153197, 31, 0, -3, 4, 20, 35, 9.8, 17.9),
(292, 2023, '05', 140230, 25, 1, 0, 1, 20, 33, 6.7, 13.9),
(293, 2023, '02', 526983, 72, -2, 0, -3, 24, 28, 10.3, 18),
(294, 2023, '06', 1102251, 256, 1, 0, 1, 21, 31, 7.2, 16.2),
(295, 2023, '04', 165830, 24, 3, -2, 5, 20, 34, 8.1, 16.6),
(296, 2023, '03', 334381, 46, -2, -4, 2, 20, 35, 7.4, 15.3),
(297, 2023, '01', 662032, 115, 9, 4, 5, 25, 24, 5.4, 10.5),
(298, 2023, '09', 154222, 32, 1, -3, 5, 20, 34, 9.3, 17.9),
(299, 2023, '08', 268216, 51, -5, 0, -4, 23, 29, 9.2, 18.3),
(300, 2023, '07', 330012, 60, 4, -2, 6, 21, 33, 7.9, 14.3);

-- --------------------------------------------------------

--
-- Structure de la table `regions`
--

DROP TABLE IF EXISTS `regions`;
CREATE TABLE IF NOT EXISTS `regions` (
  `id_region` int NOT NULL AUTO_INCREMENT,
  `nom_region` varchar(150) NOT NULL,
  PRIMARY KEY (`id_region`)
) ENGINE=MyISAM AUTO_INCREMENT=95 DEFAULT CHARSET=utf8mb4 COLLATE=utf8mb4_0900_ai_ci;

--
-- Déchargement des données de la table `regions`
--

INSERT INTO `regions` (`id_region`, `nom_region`) VALUES
(1, 'GUADELOUPE'),
(2, 'MARTINIQUE'),
(3, 'GUYANE'),
(4, 'LA RÉUNION'),
(11, 'ÎLE-DE-FRANCE'),
(24, 'CENTRE-VAL DE LOIRE'),
(27, 'BOURGOGNE-FRANCHE-COMTÉ'),
(28, 'NORMANDIE'),
(32, 'HAUTS-DE-FRANCE'),
(44, 'GRAND EST'),
(52, 'PAYS DE LA LOIRE'),
(53, 'BRETAGNE'),
(75, 'NOUVELLE-AQUITAINE'),
(76, 'OCCITANIE'),
(84, 'AUVERGNE-RHÔNE-ALPES'),
(93, 'PROVENCE-ALPES-CÔTE D\'AZUR'),
(94, 'CORSE');
COMMIT;

/*!40101 SET CHARACTER_SET_CLIENT=@OLD_CHARACTER_SET_CLIENT */;
/*!40101 SET CHARACTER_SET_RESULTS=@OLD_CHARACTER_SET_RESULTS */;
/*!40101 SET COLLATION_CONNECTION=@OLD_COLLATION_CONNECTION */;
